Treatment,Longevity,Censor
Control,2,0
Control,2,0
Control,2,0
Control,2,0
Control,2,0
Control,2,0
Control,2,0
Control,2,0
Control,2,0
Control,2,0
Control,2,0
Control,2,0
Control,2,0
Control,2,0
Control,2,0
Control,2,0
Control,2,0
Control,2,0
Control,2,0
Control,2,0
Control,2,0
Control,2,0
Control,2,0
Control,2,0
Control,2,0
Control,2,0
Control,2,0
Control,2,0
Control,2,0
Control,2,0
Control,2,0
Control,2,0
Control,4,0
Control,4,0
Control,4,0
Control,4,0
Control,4,0
Control,4,0
Control,4,0
Control,4,0
Control,4,0
Control,4,0
Control,4,0
Control,4,0
Control,4,0
Control,4,0
Control,4,0
Control,4,0
Control,4,0
Control,4,0
Control,4,0
Control,4,0
Control,4,0
Control,4,0
Control,4,0
Control,4,0
Control,4,0
Control,4,0
Control,4,0
Control,6,0
Control,6,0
Control,6,0
Control,6,0
Control,6,0
Control,6,0
Control,6,0
Control,6,0
Control,6,0
Control,6,0
Control,6,0
Control,6,0
Control,6,0
Control,6,0
Control,6,0
Control,6,0
Control,8,0
Control,8,0
Control,8,0
Control,8,0
Control,8,0
Control,8,0
Control,8,0
Control,8,0
Control,8,0
Control,8,0
Control,8,0
Control,8,0
Control,8,0
Control,8,0
Control,8,0
Control,8,0
Control,8,0
Control,8,0
Control,8,0
Control,8,0
Control,8,0
Control,10,0
Control,10,0
Control,10,0
Control,10,0
Control,10,0
Control,10,0
Control,10,0
Control,10,0
Control,10,0
Control,10,0
Control,10,0
Control,10,0
Control,10,0
Control,10,0
Control,10,0
Control,10,0
Control,10,0
Control,10,0
Control,10,0
Control,10,0
Control,10,0
Control,12,0
Control,12,0
Control,12,0
Control,12,0
Control,12,0
Control,12,0
Control,12,0
Control,12,0
Control,12,0
Control,12,0
Control,12,0
Control,12,0
Control,12,0
Control,12,0
Control,12,0
Control,12,0
Control,12,0
Control,12,0
Control,12,0
Control,12,0
Control,12,0
Control,12,0
Control,12,0
Control,14,0
Control,14,0
Control,14,0
Control,14,0
Control,14,0
Control,14,0
Control,14,0
Control,14,0
Control,14,0
Control,14,0
Control,14,0
Control,14,0
Control,14,0
Control,16,0
Control,16,0
Control,16,0
Control,16,0
Control,16,0
Control,16,0
Control,16,0
Control,16,0
Control,16,0
Control,16,0
Control,16,0
Control,16,0
Control,16,0
Control,16,0
Control,16,0
Control,16,0
Control,16,0
Control,16,0
Control,16,0
Control,16,0
Control,16,0
Control,16,0
Control,16,0
Control,16,0
Control,16,0
Control,16,0
Control,16,0
Control,16,0
Control,16,0
Control,16,0
Control,16,0
Control,16,0
Control,16,0
Control,16,0
Control,16,0
Control,16,0
Control,16,0
Control,16,0
Control,18,0
Control,18,0
Control,18,0
Control,18,0
Control,18,0
Control,18,0
Control,18,0
Control,18,0
Control,18,0
Control,18,0
Control,18,0
Control,18,0
Control,18,0
Control,18,0
Control,18,0
Control,18,0
Control,18,0
Control,18,0
Control,18,0
Control,18,0
Control,18,0
Control,18,0
Control,18,0
Control,18,0
Control,18,0
Control,18,0
Control,18,0
Control,18,0
Control,18,0
Control,18,0
Control,18,0
Control,18,0
Control,18,0
Control,18,0
Control,18,0
Control,18,0
Control,18,0
Control,18,0
Control,18,0
Control,18,0
Control,20,0
Control,20,0
Control,20,0
Control,20,0
Control,20,0
Control,20,0
Control,20,0
Control,20,0
Control,20,0
Control,20,0
Control,20,0
Control,20,0
Control,20,0
Control,20,0
Control,20,0
Control,20,0
Control,20,0
Control,20,0
Control,20,0
Control,20,0
Control,20,0
Control,20,0
Control,20,0
Control,20,0
Control,20,0
Control,20,0
Control,20,0
Control,20,0
Control,20,0
Control,20,0
Control,20,0
Control,20,0
Control,20,0
Control,20,0
Control,20,0
Control,20,0
Control,20,0
Control,20,0
Control,20,0
Control,20,0
Control,20,0
Control,20,0
Control,20,0
Control,20,0
Control,20,0
Control,20,0
Control,20,0
Control,20,0
Control,20,0
Control,20,0
Control,20,0
Control,20,0
Control,20,0
Control,20,0
Control,20,0
Control,20,0
Control,20,0
Control,20,0
Control,20,0
Control,20,0
Control,20,0
Control,20,0
Control,20,0
Control,20,0
Control,20,0
Control,20,0
Control,20,0
Control,20,0
Control,20,0
Control,20,0
Control,20,0
Control,20,0
Control,20,0
Control,20,0
Control,20,0
Control,20,0
Control,20,0
Control,20,0
Control,20,0
Control,20,0
Control,20,0
Control,20,0
Control,20,0
Control,20,0
Control,22,0
Control,22,0
Control,22,0
Control,22,0
Control,22,0
Control,22,0
Control,22,0
Control,22,0
Control,22,0
Control,22,0
Control,22,0
Control,22,0
Control,22,0
Control,22,0
Control,22,0
Control,22,0
Control,22,0
Control,22,0
Control,22,0
Control,22,0
Control,22,0
Control,22,0
Control,22,0
Control,22,0
Control,22,0
Control,22,0
Control,22,0
Control,22,0
Control,22,0
Control,22,0
Control,22,0
Control,22,0
Control,22,0
Control,22,0
Control,22,0
Control,22,0
Control,22,0
Control,22,0
Control,22,0
Control,22,0
Control,22,0
Control,22,0
Control,22,0
Control,22,0
Control,22,0
Control,22,0
Control,22,0
Control,22,0
Control,22,0
Control,22,0
Control,22,0
Control,22,0
Control,22,0
Control,22,0
Control,22,0
Control,22,0
Control,22,0
Control,22,0
Control,22,0
Control,22,0
Control,22,0
Control,22,0
Control,22,0
Control,22,0
Control,24,0
Control,24,0
Control,24,0
Control,24,0
Control,24,0
Control,24,0
Control,24,0
Control,24,0
Control,24,0
Control,24,0
Control,24,0
Control,24,0
Control,24,0
Control,24,0
Control,24,0
Control,24,0
Control,24,0
Control,24,0
Control,24,0
Control,24,0
Control,24,0
Control,24,0
Control,24,0
Control,24,0
Control,24,0
Control,24,0
Control,24,0
Control,24,0
Control,24,0
Control,24,0
Control,24,0
Control,24,0
Control,24,0
Control,24,0
Control,24,0
Control,24,0
Control,24,0
Control,24,0
Control,24,0
Control,24,0
Control,24,0
Control,24,0
Control,24,0
Control,24,0
Control,24,0
Control,24,0
Control,24,0
Control,24,0
Control,24,0
Control,24,0
Control,24,0
Control,24,0
Control,24,0
Control,24,0
Control,24,0
Control,24,0
Control,24,0
Control,24,0
Control,24,0
Control,24,0
Control,24,0
Control,24,0
Control,24,0
Control,24,0
Control,24,0
Control,24,0
Control,24,0
Control,24,0
Control,24,0
Control,24,0
Control,24,0
Control,24,0
Control,24,0
Control,24,0
Control,24,0
Control,24,0
Control,24,0
Control,24,0
Control,24,0
Control,26,0
Control,26,0
Control,26,0
Control,26,0
Control,26,0
Control,26,0
Control,26,0
Control,26,0
Control,26,0
Control,26,0
Control,26,0
Control,26,0
Control,26,0
Control,26,0
Control,26,0
Control,26,0
Control,26,0
Control,26,0
Control,26,0
Control,26,0
Control,26,0
Control,26,0
Control,26,0
Control,26,0
Control,26,0
Control,26,0
Control,26,0
Control,26,0
Control,26,0
Control,26,0
Control,26,0
Control,26,0
Control,26,0
Control,26,0
Control,26,0
Control,26,0
Control,26,0
Control,26,0
Control,26,0
Control,26,0
Control,26,0
Control,26,0
Control,26,0
Control,26,0
Control,26,0
Control,26,0
Control,26,0
Control,26,0
Control,26,0
Control,26,0
Control,28,0
Control,28,0
Control,28,0
Control,28,0
Control,28,0
Control,28,0
Control,28,0
Control,28,0
Control,28,0
Control,28,0
Control,28,0
Control,28,0
Control,28,0
Control,28,0
Control,28,0
Control,28,0
Control,28,0
Control,28,0
Control,28,0
Control,28,0
Control,28,0
Control,28,0
Control,28,0
Control,28,0
Control,28,0
Control,28,0
Control,28,0
Control,28,0
Control,28,0
Control,28,0
Control,28,0
Control,28,0
Control,28,0
Control,28,0
Control,28,0
Control,28,0
Control,28,0
Control,28,0
Control,28,0
Control,28,0
Control,28,0
Control,28,0
Control,28,0
Control,28,0
Control,28,0
Control,28,0
Control,28,0
Control,28,0
Control,28,0
Control,28,0
Control,28,0
Control,28,0
Control,28,0
Control,28,0
Control,28,1
Control,28,1
Control,28,1
Control,28,1
Control,28,1
Control,28,1
Control,28,1
Control,28,1
Control,28,1
Control,28,1
Control,28,1
Control,28,1
Control,28,1
Control,28,1
Control,28,1
Control,28,1
Control,28,1
Control,28,1
Control,28,1
Control,28,1
Control,28,1
Control,28,1
Control,28,1
Control,28,1
Control,28,1
Control,28,1
Control,28,1
Control,28,1
Control,28,1
Control,28,1
Control,28,1
Control,28,1
Control,28,1
Control,28,1
Control,28,1
Control,28,1
Control,28,1
Control,28,1
Control,28,1
Control,28,1
Control,28,1
Control,28,1
Control,28,1
Control,28,1
Control,28,1
Control,28,1
Control,28,1
Control,28,1
Control,28,1
Control,28,1
Control,28,1
Control,28,1
Control,28,1
Control,28,1
Control,28,1
Control,28,1
Control,28,1
Control,28,1
Control,28,1
Control,28,1
Control,28,1
Control,28,1
Control,28,1
Control,28,1
Control,28,1
Control,28,1
Control,28,1
Control,28,1
Control,28,1
Control,28,1
Control,28,1
Control,28,1
Control,28,1
Control,28,1
Control,28,1
Control,28,1
Control,28,1
Control,28,1
Control,28,1
Control,28,1
Control,28,1
Control,28,1
Control,28,1
Control,28,1
Control,28,1
Control,28,1
Control,28,1
Control,28,1
Control,28,1
Control,28,1
Control,28,1
Control,28,1
Control,28,1
Control,28,1
Control,28,1
Control,28,1
Control,28,1
Control,28,1
Control,28,1
Control,28,1
Control,28,1
Control,28,1
Control,28,1
Control,28,1
Control,28,1
Control,28,1
Control,28,1
Control,28,1
Control,28,1
Control,28,1
Control,28,1
Control,28,1
Control,28,1
Control,28,1
Control,28,1
Control,28,1
Control,28,1
Control,28,1
Control,28,1
Control,28,1
Control,28,1
Control,28,1
Control,28,1
Control,28,1
Control,28,1
Control,28,1
Control,28,1
Control,28,1
Control,28,1
Control,28,1
Control,28,1
Control,28,1
Control,28,1
Control,28,1
Control,28,1
Control,28,1
Control,28,1
Control,28,1
Control,28,1
Control,28,1
Control,28,1
Control,28,1
Control,28,1
Control,28,1
Control,28,1
Control,28,1
Control,28,1
Control,28,1
Control,28,1
Control,28,1
Control,28,1
Control,28,1
Control,28,1
Control,28,1
Control,28,1
Control,28,1
Control,28,1
Control,28,1
Control,28,1
Control,28,1
Control,28,1
Control,28,1
Control,28,1
Control,28,1
Control,28,1
Control,28,1
Control,28,1
Control,28,1
Control,28,1
Control,28,1
Control,28,1
Control,28,1
Control,28,1
Control,28,1
Control,28,1
Control,28,1
Control,28,1
Control,28,1
Control,28,1
Control,28,1
Control,28,1
Control,28,1
Control,28,1
Control,28,1
Control,28,1
Control,28,1
Control,28,1
Control,28,1
Control,28,1
Control,28,1
Control,28,1
Control,28,1
Control,28,1
Control,28,1
Control,28,1
Control,28,1
Control,28,1
Control,28,1
Control,28,1
Control,28,1
Control,28,1
Control,28,1
Control,28,1
Control,28,1
Control,28,1
Control,28,1
Control,28,1
Control,28,1
Control,28,1
Control,28,1
Control,28,1
Control,28,1
Control,28,1
Control,28,1
Control,28,1
Control,28,1
Control,28,1
Control,28,1
Control,28,1
Control,28,1
Control,28,1
Control,28,1
Control,28,1
Control,28,1
Control,28,1
Control,28,1
Control,28,1
Control,28,1
Control,28,1
Control,28,1
Control,28,1
Control,28,1
Control,28,1
Control,28,1
Control,28,1
Control,28,1
Control,28,1
Control,28,1
Control,28,1
Control,28,1
Control,28,1
Control,28,1
Control,28,1
Control,28,1
Control,28,1
Control,28,1
Control,28,1
Control,28,1
Control,28,1
Control,28,1
Control,28,1
Control,28,1
Control,28,1
Control,28,1
Control,28,1
Control,28,1
Control,28,1
Control,28,1
Control,28,1
Control,28,1
Control,28,1
Control,28,1
Control,28,1
Control,28,1
Control,28,1
Control,28,1
Control,28,1
Control,28,1
Control,28,1
Control,28,1
Control,28,1
Control,28,1
Control,28,1
Control,28,1
Control,28,1
Control,28,1
Control,28,1
Control,28,1
Control,28,1
Control,28,1
Control,28,1
Control,28,1
Control,28,1
Control,28,1
Control,28,1
Control,28,1
Control,28,1
Control,28,1
Control,28,1
Control,28,1
Control,28,1
Control,28,1
Control,28,1
Control,28,1
Control,28,1
Control,28,1
Control,28,1
Control,28,1
Control,28,1
Control,28,1
Control,28,1
Control,28,1
Control,28,1
Control,28,1
Control,28,1
Control,28,1
Control,28,1
Control,28,1
Control,28,1
Control,28,1
Control,28,1
Control,28,1
Control,28,1
Control,28,1
Control,28,1
Control,28,1
Control,28,1
Control,28,1
Control,28,1
Control,28,1
Control,28,1
Control,28,1
Control,28,1
Control,28,1
Control,28,1
Control,28,1
Control,28,1
Control,28,1
Control,28,1
Control,28,1
Control,28,1
Control,28,1
Control,28,1
Control,28,1
Control,28,1
Control,28,1
Control,28,1
Control,28,1
Control,28,1
Control,28,1
Control,28,1
Control,28,1
Control,28,1
Control,28,1
Control,28,1
Control,28,1
Control,28,1
Control,28,1
Control,28,1
Control,28,1
Control,28,1
Control,28,1
Control,28,1
Control,28,1
Control,28,1
Control,28,1
Control,28,1
Control,28,1
Control,28,1
Control,28,1
Control,28,1
Control,28,1
Control,28,1
Control,28,1
Control,28,1
Control,28,1
Control,28,1
Control,28,1
Control,28,1
Control,28,1
Control,28,1
Control,28,1
Control,28,1
Control,28,1
Control,28,1
Control,28,1
Control,28,1
Control,28,1
Control,28,1
Control,28,1
Control,28,1
Control,28,1
Control,28,1
Control,28,1
Control,28,1
Control,28,1
Control,28,1
Control,28,1
Control,28,1
Control,28,1
Control,28,1
Control,28,1
Control,28,1
Control,28,1
Control,28,1
Control,28,1
Control,28,1
Control,28,1
Control,28,1
Control,28,1
Control,28,1
Control,28,1
Control,28,1
Control,28,1
Control,28,1
Control,28,1
Control,28,1
Control,28,1
Control,28,1
Control,28,1
Fumagilin,2,0
Fumagilin,2,0
Fumagilin,2,0
Fumagilin,2,0
Fumagilin,2,0
Fumagilin,2,0
Fumagilin,2,0
Fumagilin,2,0
Fumagilin,2,0
Fumagilin,2,0
Fumagilin,2,0
Fumagilin,2,0
Fumagilin,2,0
Fumagilin,2,0
Fumagilin,2,0
Fumagilin,2,0
Fumagilin,2,0
Fumagilin,2,0
Fumagilin,2,0
Fumagilin,2,0
Fumagilin,2,0
Fumagilin,2,0
Fumagilin,2,0
Fumagilin,2,0
Fumagilin,2,0
Fumagilin,2,0
Fumagilin,2,0
Fumagilin,2,0
Fumagilin,2,0
Fumagilin,2,0
Fumagilin,2,0
Fumagilin,4,0
Fumagilin,4,0
Fumagilin,4,0
Fumagilin,4,0
Fumagilin,4,0
Fumagilin,4,0
Fumagilin,4,0
Fumagilin,4,0
Fumagilin,4,0
Fumagilin,4,0
Fumagilin,4,0
Fumagilin,4,0
Fumagilin,4,0
Fumagilin,4,0
Fumagilin,4,0
Fumagilin,4,0
Fumagilin,4,0
Fumagilin,4,0
Fumagilin,4,0
Fumagilin,4,0
Fumagilin,4,0
Fumagilin,4,0
Fumagilin,4,0
Fumagilin,4,0
Fumagilin,4,0
Fumagilin,4,0
Fumagilin,4,0
Fumagilin,4,0
Fumagilin,4,0
Fumagilin,4,0
Fumagilin,4,0
Fumagilin,4,0
Fumagilin,4,0
Fumagilin,4,0
Fumagilin,4,0
Fumagilin,4,0
Fumagilin,4,0
Fumagilin,6,0
Fumagilin,6,0
Fumagilin,6,0
Fumagilin,6,0
Fumagilin,6,0
Fumagilin,6,0
Fumagilin,6,0
Fumagilin,6,0
Fumagilin,6,0
Fumagilin,6,0
Fumagilin,6,0
Fumagilin,6,0
Fumagilin,6,0
Fumagilin,6,0
Fumagilin,6,0
Fumagilin,6,0
Fumagilin,6,0
Fumagilin,6,0
Fumagilin,6,0
Fumagilin,6,0
Fumagilin,6,0
Fumagilin,6,0
Fumagilin,6,0
Fumagilin,6,0
Fumagilin,6,0
Fumagilin,6,0
Fumagilin,6,0
Fumagilin,6,0
Fumagilin,6,0
Fumagilin,6,0
Fumagilin,8,0
Fumagilin,8,0
Fumagilin,8,0
Fumagilin,8,0
Fumagilin,8,0
Fumagilin,8,0
Fumagilin,8,0
Fumagilin,8,0
Fumagilin,8,0
Fumagilin,8,0
Fumagilin,8,0
Fumagilin,8,0
Fumagilin,8,0
Fumagilin,8,0
Fumagilin,8,0
Fumagilin,8,0
Fumagilin,8,0
Fumagilin,10,0
Fumagilin,10,0
Fumagilin,10,0
Fumagilin,10,0
Fumagilin,10,0
Fumagilin,10,0
Fumagilin,10,0
Fumagilin,10,0
Fumagilin,10,0
Fumagilin,10,0
Fumagilin,10,0
Fumagilin,10,0
Fumagilin,10,0
Fumagilin,10,0
Fumagilin,10,0
Fumagilin,10,0
Fumagilin,10,0
Fumagilin,10,0
Fumagilin,10,0
Fumagilin,10,0
Fumagilin,10,0
Fumagilin,10,0
Fumagilin,10,0
Fumagilin,10,0
Fumagilin,10,0
Fumagilin,10,0
Fumagilin,10,0
Fumagilin,10,0
Fumagilin,10,0
Fumagilin,10,0
Fumagilin,10,0
Fumagilin,10,0
Fumagilin,10,0
Fumagilin,10,0
Fumagilin,10,0
Fumagilin,10,0
Fumagilin,10,0
Fumagilin,12,0
Fumagilin,12,0
Fumagilin,12,0
Fumagilin,12,0
Fumagilin,12,0
Fumagilin,12,0
Fumagilin,12,0
Fumagilin,12,0
Fumagilin,12,0
Fumagilin,12,0
Fumagilin,12,0
Fumagilin,12,0
Fumagilin,12,0
Fumagilin,12,0
Fumagilin,12,0
Fumagilin,12,0
Fumagilin,12,0
Fumagilin,12,0
Fumagilin,12,0
Fumagilin,12,0
Fumagilin,12,0
Fumagilin,12,0
Fumagilin,14,0
Fumagilin,14,0
Fumagilin,14,0
Fumagilin,14,0
Fumagilin,14,0
Fumagilin,14,0
Fumagilin,14,0
Fumagilin,14,0
Fumagilin,14,0
Fumagilin,14,0
Fumagilin,14,0
Fumagilin,14,0
Fumagilin,14,0
Fumagilin,14,0
Fumagilin,14,0
Fumagilin,14,0
Fumagilin,14,0
Fumagilin,14,0
Fumagilin,14,0
Fumagilin,14,0
Fumagilin,14,0
Fumagilin,14,0
Fumagilin,14,0
Fumagilin,14,0
Fumagilin,14,0
Fumagilin,14,0
Fumagilin,14,0
Fumagilin,14,0
Fumagilin,16,0
Fumagilin,16,0
Fumagilin,16,0
Fumagilin,16,0
Fumagilin,16,0
Fumagilin,16,0
Fumagilin,16,0
Fumagilin,16,0
Fumagilin,16,0
Fumagilin,16,0
Fumagilin,16,0
Fumagilin,16,0
Fumagilin,16,0
Fumagilin,16,0
Fumagilin,16,0
Fumagilin,16,0
Fumagilin,16,0
Fumagilin,16,0
Fumagilin,16,0
Fumagilin,16,0
Fumagilin,16,0
Fumagilin,16,0
Fumagilin,16,0
Fumagilin,16,0
Fumagilin,16,0
Fumagilin,16,0
Fumagilin,16,0
Fumagilin,16,0
Fumagilin,16,0
Fumagilin,16,0
Fumagilin,16,0
Fumagilin,16,0
Fumagilin,16,0
Fumagilin,16,0
Fumagilin,16,0
Fumagilin,16,0
Fumagilin,16,0
Fumagilin,16,0
Fumagilin,16,0
Fumagilin,16,0
Fumagilin,16,0
Fumagilin,16,0
Fumagilin,16,0
Fumagilin,16,0
Fumagilin,16,0
Fumagilin,16,0
Fumagilin,16,0
Fumagilin,16,0
Fumagilin,16,0
Fumagilin,16,0
Fumagilin,16,0
Fumagilin,16,0
Fumagilin,16,0
Fumagilin,16,0
Fumagilin,16,0
Fumagilin,16,0
Fumagilin,16,0
Fumagilin,16,0
Fumagilin,16,0
Fumagilin,16,0
Fumagilin,16,0
Fumagilin,16,0
Fumagilin,16,0
Fumagilin,16,0
Fumagilin,16,0
Fumagilin,16,0
Fumagilin,16,0
Fumagilin,18,0
Fumagilin,18,0
Fumagilin,18,0
Fumagilin,18,0
Fumagilin,18,0
Fumagilin,18,0
Fumagilin,18,0
Fumagilin,18,0
Fumagilin,18,0
Fumagilin,18,0
Fumagilin,18,0
Fumagilin,18,0
Fumagilin,18,0
Fumagilin,18,0
Fumagilin,18,0
Fumagilin,18,0
Fumagilin,18,0
Fumagilin,18,0
Fumagilin,18,0
Fumagilin,18,0
Fumagilin,18,0
Fumagilin,18,0
Fumagilin,18,0
Fumagilin,18,0
Fumagilin,18,0
Fumagilin,18,0
Fumagilin,18,0
Fumagilin,18,0
Fumagilin,18,0
Fumagilin,18,0
Fumagilin,18,0
Fumagilin,18,0
Fumagilin,18,0
Fumagilin,18,0
Fumagilin,18,0
Fumagilin,18,0
Fumagilin,18,0
Fumagilin,18,0
Fumagilin,18,0
Fumagilin,18,0
Fumagilin,18,0
Fumagilin,18,0
Fumagilin,18,0
Fumagilin,18,0
Fumagilin,18,0
Fumagilin,18,0
Fumagilin,18,0
Fumagilin,18,0
Fumagilin,18,0
Fumagilin,18,0
Fumagilin,18,0
Fumagilin,18,0
Fumagilin,18,0
Fumagilin,18,0
Fumagilin,18,0
Fumagilin,18,0
Fumagilin,18,0
Fumagilin,18,0
Fumagilin,18,0
Fumagilin,18,0
Fumagilin,18,0
Fumagilin,18,0
Fumagilin,18,0
Fumagilin,18,0
Fumagilin,18,0
Fumagilin,18,0
Fumagilin,18,0
Fumagilin,18,0
Fumagilin,18,0
Fumagilin,18,0
Fumagilin,18,0
Fumagilin,18,0
Fumagilin,18,0
Fumagilin,18,0
Fumagilin,18,0
Fumagilin,18,0
Fumagilin,18,0
Fumagilin,18,0
Fumagilin,18,0
Fumagilin,18,0
Fumagilin,18,0
Fumagilin,18,0
Fumagilin,18,0
Fumagilin,18,0
Fumagilin,18,0
Fumagilin,18,0
Fumagilin,18,0
Fumagilin,18,0
Fumagilin,18,0
Fumagilin,18,0
Fumagilin,18,0
Fumagilin,18,0
Fumagilin,18,0
Fumagilin,18,0
Fumagilin,18,0
Fumagilin,18,0
Fumagilin,18,0
Fumagilin,18,0
Fumagilin,18,0
Fumagilin,18,0
Fumagilin,18,0
Fumagilin,18,0
Fumagilin,18,0
Fumagilin,18,0
Fumagilin,18,0
Fumagilin,18,0
Fumagilin,18,0
Fumagilin,18,0
Fumagilin,18,0
Fumagilin,18,0
Fumagilin,18,0
Fumagilin,18,0
Fumagilin,18,0
Fumagilin,18,0
Fumagilin,18,0
Fumagilin,18,0
Fumagilin,18,0
Fumagilin,18,0
Fumagilin,18,0
Fumagilin,18,0
Fumagilin,18,0
Fumagilin,18,0
Fumagilin,18,0
Fumagilin,18,0
Fumagilin,18,0
Fumagilin,18,0
Fumagilin,18,0
Fumagilin,20,0
Fumagilin,20,0
Fumagilin,20,0
Fumagilin,20,0
Fumagilin,20,0
Fumagilin,20,0
Fumagilin,20,0
Fumagilin,20,0
Fumagilin,20,0
Fumagilin,20,0
Fumagilin,20,0
Fumagilin,20,0
Fumagilin,20,0
Fumagilin,20,0
Fumagilin,20,0
Fumagilin,20,0
Fumagilin,20,0
Fumagilin,20,0
Fumagilin,20,0
Fumagilin,20,0
Fumagilin,20,0
Fumagilin,20,0
Fumagilin,20,0
Fumagilin,20,0
Fumagilin,20,0
Fumagilin,20,0
Fumagilin,20,0
Fumagilin,20,0
Fumagilin,20,0
Fumagilin,20,0
Fumagilin,20,0
Fumagilin,20,0
Fumagilin,20,0
Fumagilin,20,0
Fumagilin,20,0
Fumagilin,20,0
Fumagilin,20,0
Fumagilin,20,0
Fumagilin,20,0
Fumagilin,20,0
Fumagilin,20,0
Fumagilin,20,0
Fumagilin,20,0
Fumagilin,20,0
Fumagilin,20,0
Fumagilin,20,0
Fumagilin,20,0
Fumagilin,20,0
Fumagilin,20,0
Fumagilin,20,0
Fumagilin,20,0
Fumagilin,20,0
Fumagilin,20,0
Fumagilin,20,0
Fumagilin,20,0
Fumagilin,20,0
Fumagilin,20,0
Fumagilin,20,0
Fumagilin,20,0
Fumagilin,20,0
Fumagilin,20,0
Fumagilin,20,0
Fumagilin,20,0
Fumagilin,20,0
Fumagilin,20,0
Fumagilin,20,0
Fumagilin,20,0
Fumagilin,20,0
Fumagilin,20,0
Fumagilin,20,0
Fumagilin,20,0
Fumagilin,20,0
Fumagilin,20,0
Fumagilin,20,0
Fumagilin,20,0
Fumagilin,20,0
Fumagilin,20,0
Fumagilin,20,0
Fumagilin,20,0
Fumagilin,20,0
Fumagilin,20,0
Fumagilin,20,0
Fumagilin,20,0
Fumagilin,20,0
Fumagilin,20,0
Fumagilin,20,0
Fumagilin,20,0
Fumagilin,20,0
Fumagilin,20,0
Fumagilin,20,0
Fumagilin,22,0
Fumagilin,22,0
Fumagilin,22,0
Fumagilin,22,0
Fumagilin,22,0
Fumagilin,22,0
Fumagilin,22,0
Fumagilin,22,0
Fumagilin,22,0
Fumagilin,22,0
Fumagilin,22,0
Fumagilin,22,0
Fumagilin,22,0
Fumagilin,22,0
Fumagilin,22,0
Fumagilin,22,0
Fumagilin,22,0
Fumagilin,22,0
Fumagilin,22,0
Fumagilin,22,0
Fumagilin,22,0
Fumagilin,22,0
Fumagilin,22,0
Fumagilin,22,0
Fumagilin,22,0
Fumagilin,22,0
Fumagilin,22,0
Fumagilin,22,0
Fumagilin,22,0
Fumagilin,22,0
Fumagilin,22,0
Fumagilin,22,0
Fumagilin,22,0
Fumagilin,22,0
Fumagilin,22,0
Fumagilin,22,0
Fumagilin,22,0
Fumagilin,22,0
Fumagilin,22,0
Fumagilin,22,0
Fumagilin,22,0
Fumagilin,22,0
Fumagilin,22,0
Fumagilin,22,0
Fumagilin,22,0
Fumagilin,22,0
Fumagilin,22,0
Fumagilin,22,0
Fumagilin,22,0
Fumagilin,22,0
Fumagilin,22,0
Fumagilin,22,0
Fumagilin,22,0
Fumagilin,22,0
Fumagilin,22,0
Fumagilin,22,0
Fumagilin,22,0
Fumagilin,22,0
Fumagilin,22,0
Fumagilin,22,0
Fumagilin,22,0
Fumagilin,22,0
Fumagilin,22,0
Fumagilin,22,0
Fumagilin,22,0
Fumagilin,22,0
Fumagilin,22,0
Fumagilin,22,0
Fumagilin,22,0
Fumagilin,24,0
Fumagilin,24,0
Fumagilin,24,0
Fumagilin,24,0
Fumagilin,24,0
Fumagilin,24,0
Fumagilin,24,0
Fumagilin,24,0
Fumagilin,24,0
Fumagilin,24,0
Fumagilin,24,0
Fumagilin,24,0
Fumagilin,24,0
Fumagilin,24,0
Fumagilin,24,0
Fumagilin,24,0
Fumagilin,24,0
Fumagilin,24,0
Fumagilin,24,0
Fumagilin,24,0
Fumagilin,24,0
Fumagilin,24,0
Fumagilin,24,0
Fumagilin,24,0
Fumagilin,24,0
Fumagilin,24,0
Fumagilin,24,0
Fumagilin,24,0
Fumagilin,24,0
Fumagilin,24,0
Fumagilin,24,0
Fumagilin,24,0
Fumagilin,24,0
Fumagilin,24,0
Fumagilin,24,0
Fumagilin,24,0
Fumagilin,24,0
Fumagilin,24,0
Fumagilin,24,0
Fumagilin,26,0
Fumagilin,26,0
Fumagilin,26,0
Fumagilin,26,0
Fumagilin,26,0
Fumagilin,26,0
Fumagilin,26,0
Fumagilin,26,0
Fumagilin,26,0
Fumagilin,26,0
Fumagilin,26,0
Fumagilin,26,0
Fumagilin,26,0
Fumagilin,26,0
Fumagilin,26,0
Fumagilin,26,0
Fumagilin,26,0
Fumagilin,26,0
Fumagilin,26,0
Fumagilin,26,0
Fumagilin,26,0
Fumagilin,26,0
Fumagilin,26,0
Fumagilin,26,0
Fumagilin,26,0
Fumagilin,28,0
Fumagilin,28,0
Fumagilin,28,0
Fumagilin,28,0
Fumagilin,28,0
Fumagilin,28,0
Fumagilin,28,0
Fumagilin,28,0
Fumagilin,28,0
Fumagilin,28,0
Fumagilin,28,0
Fumagilin,28,0
Fumagilin,28,0
Fumagilin,28,0
Fumagilin,28,0
Fumagilin,28,0
Fumagilin,28,0
Fumagilin,28,0
Fumagilin,28,0
Fumagilin,28,0
Fumagilin,28,0
Fumagilin,28,1
Fumagilin,28,1
Fumagilin,28,1
Fumagilin,28,1
Fumagilin,28,1
Fumagilin,28,1
Fumagilin,28,1
Fumagilin,28,1
Fumagilin,28,1
Fumagilin,28,1
Fumagilin,28,1
Fumagilin,28,1
Fumagilin,28,1
Fumagilin,28,1
Fumagilin,28,1
Fumagilin,28,1
Fumagilin,28,1
Fumagilin,28,1
Fumagilin,28,1
Fumagilin,28,1
Fumagilin,28,1
Fumagilin,28,1
Fumagilin,28,1
Fumagilin,28,1
Fumagilin,28,1
Fumagilin,28,1
Fumagilin,28,1
Fumagilin,28,1
Fumagilin,28,1
Fumagilin,28,1
Fumagilin,28,1
Fumagilin,28,1
Fumagilin,28,1
Fumagilin,28,1
Fumagilin,28,1
Fumagilin,28,1
Fumagilin,28,1
Fumagilin,28,1
Fumagilin,28,1
Fumagilin,28,1
Fumagilin,28,1
Fumagilin,28,1
Fumagilin,28,1
Fumagilin,28,1
Fumagilin,28,1
Fumagilin,28,1
Fumagilin,28,1
Fumagilin,28,1
Fumagilin,28,1
Fumagilin,28,1
Fumagilin,28,1
Fumagilin,28,1
Fumagilin,28,1
Fumagilin,28,1
Fumagilin,28,1
Fumagilin,28,1
Fumagilin,28,1
Fumagilin,28,1
Fumagilin,28,1
Fumagilin,28,1
Fumagilin,28,1
Fumagilin,28,1
Fumagilin,28,1
Fumagilin,28,1
Fumagilin,28,1
Fumagilin,28,1
Fumagilin,28,1
Fumagilin,28,1
Fumagilin,28,1
Fumagilin,28,1
Fumagilin,28,1
Fumagilin,28,1
Fumagilin,28,1
Fumagilin,28,1
Fumagilin,28,1
Fumagilin,28,1
Fumagilin,28,1
Fumagilin,28,1
Fumagilin,28,1
Fumagilin,28,1
Fumagilin,28,1
Fumagilin,28,1
Fumagilin,28,1
Fumagilin,28,1
Fumagilin,28,1
Fumagilin,28,1
Fumagilin,28,1
Fumagilin,28,1
Fumagilin,28,1
Fumagilin,28,1
Fumagilin,28,1
Fumagilin,28,1
Fumagilin,28,1
Fumagilin,28,1
Fumagilin,28,1
Fumagilin,28,1
Fumagilin,28,1
Fumagilin,28,1
Fumagilin,28,1
Fumagilin,28,1
Fumagilin,28,1
Fumagilin,28,1
Fumagilin,28,1
Fumagilin,28,1
Fumagilin,28,1
Fumagilin,28,1
Fumagilin,28,1
Fumagilin,28,1
Fumagilin,28,1
Fumagilin,28,1
Fumagilin,28,1
Fumagilin,28,1
Fumagilin,28,1
Fumagilin,28,1
Fumagilin,28,1
Fumagilin,28,1
Fumagilin,28,1
Fumagilin,28,1
Fumagilin,28,1
Fumagilin,28,1
Fumagilin,28,1
Fumagilin,28,1
Fumagilin,28,1
Fumagilin,28,1
Fumagilin,28,1
Fumagilin,28,1
Fumagilin,28,1
Fumagilin,28,1
Fumagilin,28,1
Fumagilin,28,1
Fumagilin,28,1
Fumagilin,28,1
Fumagilin,28,1
Fumagilin,28,1
Fumagilin,28,1
Fumagilin,28,1
Fumagilin,28,1
Fumagilin,28,1
Fumagilin,28,1
Fumagilin,28,1
Fumagilin,28,1
Fumagilin,28,1
Fumagilin,28,1
Fumagilin,28,1
Fumagilin,28,1
Fumagilin,28,1
Fumagilin,28,1
Fumagilin,28,1
Fumagilin,28,1
Fumagilin,28,1
Fumagilin,28,1
Fumagilin,28,1
Fumagilin,28,1
Fumagilin,28,1
Fumagilin,28,1
Fumagilin,28,1
Fumagilin,28,1
Fumagilin,28,1
Fumagilin,28,1
Fumagilin,28,1
Fumagilin,28,1
Fumagilin,28,1
Fumagilin,28,1
Fumagilin,28,1
Fumagilin,28,1
Fumagilin,28,1
Fumagilin,28,1
Fumagilin,28,1
Fumagilin,28,1
Fumagilin,28,1
Fumagilin,28,1
Fumagilin,28,1
Fumagilin,28,1
Fumagilin,28,1
Fumagilin,28,1
Fumagilin,28,1
Fumagilin,28,1
Fumagilin,28,1
Fumagilin,28,1
Fumagilin,28,1
Fumagilin,28,1
Fumagilin,28,1
Fumagilin,28,1
Fumagilin,28,1
Fumagilin,28,1
Fumagilin,28,1
Fumagilin,28,1
Fumagilin,28,1
Fumagilin,28,1
Fumagilin,28,1
Fumagilin,28,1
Fumagilin,28,1
Fumagilin,28,1
Fumagilin,28,1
Fumagilin,28,1
Fumagilin,28,1
Fumagilin,28,1
Fumagilin,28,1
Fumagilin,28,1
Fumagilin,28,1
Fumagilin,28,1
Fumagilin,28,1
Fumagilin,28,1
Fumagilin,28,1
Fumagilin,28,1
Fumagilin,28,1
Fumagilin,28,1
Fumagilin,28,1
Fumagilin,28,1
Fumagilin,28,1
Fumagilin,28,1
Fumagilin,28,1
Fumagilin,28,1
Fumagilin,28,1
Fumagilin,28,1
Fumagilin,28,1
Fumagilin,28,1
Fumagilin,28,1
Fumagilin,28,1
Fumagilin,28,1
Fumagilin,28,1
Fumagilin,28,1
Fumagilin,28,1
Fumagilin,28,1
Fumagilin,28,1
Fumagilin,28,1
Fumagilin,28,1
Fumagilin,28,1
Fumagilin,28,1
Fumagilin,28,1
Fumagilin,28,1
Fumagilin,28,1
Fumagilin,28,1
Fumagilin,28,1
Fumagilin,28,1
Fumagilin,28,1
Fumagilin,28,1
Fumagilin,28,1
Fumagilin,28,1
Fumagilin,28,1
Fumagilin,28,1
Fumagilin,28,1
Fumagilin,28,1
Fumagilin,28,1
Fumagilin,28,1
Fumagilin,28,1
Fumagilin,28,1
Fumagilin,28,1
Fumagilin,28,1
Fumagilin,28,1
Fumagilin,28,1
Fumagilin,28,1
Fumagilin,28,1
Fumagilin,28,1
Fumagilin,28,1
Fumagilin,28,1
Fumagilin,28,1
Fumagilin,28,1
Fumagilin,28,1
Fumagilin,28,1
Fumagilin,28,1
Fumagilin,28,1
Fumagilin,28,1
Fumagilin,28,1
Fumagilin,28,1
Fumagilin,28,1
Fumagilin,28,1
Fumagilin,28,1
Fumagilin,28,1
Fumagilin,28,1
Fumagilin,28,1
Fumagilin,28,1
Fumagilin,28,1
Fumagilin,28,1
Fumagilin,28,1
Fumagilin,28,1
Fumagilin,28,1
Fumagilin,28,1
Fumagilin,28,1
Fumagilin,28,1
Fumagilin,28,1
Fumagilin,28,1
Fumagilin,28,1
Fumagilin,28,1
Fumagilin,28,1
Fumagilin,28,1
Fumagilin,28,1
Fumagilin,28,1
Fumagilin,28,1
Fumagilin,28,1
Fumagilin,28,1
Fumagilin,28,1
Fumagilin,28,1
Fumagilin,28,1
Fumagilin,28,1
Fumagilin,28,1
Fumagilin,28,1
Fumagilin,28,1
Fumagilin,28,1
Fumagilin,28,1
Fumagilin,28,1
Fumagilin,28,1
Fumagilin,28,1
Fumagilin,28,1
Fumagilin,28,1
Fumagilin,28,1
Fumagilin,28,1
Fumagilin,28,1
Fumagilin,28,1
Fumagilin,28,1
Fumagilin,28,1
Fumagilin,28,1
Fumagilin,28,1
Fumagilin,28,1
Fumagilin,28,1
Fumagilin,28,1
Fumagilin,28,1
Fumagilin,28,1
Fumagilin,28,1
Fumagilin,28,1
Fumagilin,28,1
Fumagilin,28,1
Fumagilin,28,1
Fumagilin,28,1
Fumagilin,28,1
Fumagilin,28,1
Fumagilin,28,1
Fumagilin,28,1
Fumagilin,28,1
Fumagilin,28,1
Fumagilin,28,1
Fumagilin,28,1
Fumagilin,28,1
Fumagilin,28,1
Fumagilin,28,1
Fumagilin,28,1
Fumagilin,28,1
Fumagilin,28,1
Fumagilin,28,1
Fumagilin,28,1
Fumagilin,28,1
Fumagilin,28,1
Fumagilin,28,1
Fumagilin,28,1
Fumagilin,28,1
Fumagilin,28,1
Fumagilin,28,1
HBH,2,0
HBH,2,0
HBH,2,0
HBH,2,0
HBH,2,0
HBH,2,0
HBH,2,0
HBH,2,0
HBH,2,0
HBH,2,0
HBH,2,0
HBH,2,0
HBH,2,0
HBH,2,0
HBH,2,0
HBH,2,0
HBH,2,0
HBH,2,0
HBH,2,0
HBH,2,0
HBH,2,0
HBH,2,0
HBH,2,0
HBH,2,0
HBH,2,0
HBH,2,0
HBH,2,0
HBH,2,0
HBH,2,0
HBH,2,0
HBH,2,0
HBH,2,0
HBH,2,0
HBH,2,0
HBH,2,0
HBH,2,0
HBH,2,0
HBH,2,0
HBH,2,0
HBH,2,0
HBH,2,0
HBH,2,0
HBH,4,0
HBH,4,0
HBH,4,0
HBH,4,0
HBH,4,0
HBH,4,0
HBH,4,0
HBH,4,0
HBH,4,0
HBH,4,0
HBH,4,0
HBH,4,0
HBH,4,0
HBH,4,0
HBH,4,0
HBH,4,0
HBH,4,0
HBH,4,0
HBH,4,0
HBH,4,0
HBH,4,0
HBH,4,0
HBH,4,0
HBH,4,0
HBH,4,0
HBH,4,0
HBH,4,0
HBH,4,0
HBH,4,0
HBH,6,0
HBH,6,0
HBH,6,0
HBH,6,0
HBH,6,0
HBH,6,0
HBH,6,0
HBH,6,0
HBH,6,0
HBH,6,0
HBH,6,0
HBH,6,0
HBH,6,0
HBH,6,0
HBH,6,0
HBH,6,0
HBH,6,0
HBH,6,0
HBH,6,0
HBH,6,0
HBH,8,0
HBH,8,0
HBH,8,0
HBH,8,0
HBH,8,0
HBH,8,0
HBH,8,0
HBH,8,0
HBH,8,0
HBH,8,0
HBH,8,0
HBH,8,0
HBH,8,0
HBH,8,0
HBH,8,0
HBH,8,0
HBH,8,0
HBH,8,0
HBH,8,0
HBH,8,0
HBH,8,0
HBH,8,0
HBH,10,0
HBH,10,0
HBH,10,0
HBH,10,0
HBH,10,0
HBH,10,0
HBH,10,0
HBH,10,0
HBH,10,0
HBH,10,0
HBH,10,0
HBH,10,0
HBH,10,0
HBH,10,0
HBH,10,0
HBH,10,0
HBH,10,0
HBH,10,0
HBH,10,0
HBH,10,0
HBH,10,0
HBH,10,0
HBH,10,0
HBH,10,0
HBH,10,0
HBH,10,0
HBH,10,0
HBH,10,0
HBH,10,0
HBH,12,0
HBH,12,0
HBH,12,0
HBH,12,0
HBH,12,0
HBH,12,0
HBH,12,0
HBH,12,0
HBH,12,0
HBH,12,0
HBH,12,0
HBH,12,0
HBH,12,0
HBH,12,0
HBH,12,0
HBH,12,0
HBH,12,0
HBH,12,0
HBH,12,0
HBH,12,0
HBH,12,0
HBH,12,0
HBH,12,0
HBH,12,0
HBH,12,0
HBH,12,0
HBH,12,0
HBH,12,0
HBH,12,0
HBH,12,0
HBH,12,0
HBH,14,0
HBH,14,0
HBH,14,0
HBH,14,0
HBH,14,0
HBH,14,0
HBH,14,0
HBH,14,0
HBH,14,0
HBH,14,0
HBH,14,0
HBH,14,0
HBH,14,0
HBH,14,0
HBH,14,0
HBH,14,0
HBH,14,0
HBH,14,0
HBH,14,0
HBH,14,0
HBH,14,0
HBH,14,0
HBH,14,0
HBH,14,0
HBH,14,0
HBH,14,0
HBH,16,0
HBH,16,0
HBH,16,0
HBH,16,0
HBH,16,0
HBH,16,0
HBH,16,0
HBH,16,0
HBH,16,0
HBH,16,0
HBH,16,0
HBH,16,0
HBH,16,0
HBH,16,0
HBH,16,0
HBH,16,0
HBH,16,0
HBH,16,0
HBH,16,0
HBH,16,0
HBH,16,0
HBH,16,0
HBH,16,0
HBH,16,0
HBH,16,0
HBH,16,0
HBH,16,0
HBH,16,0
HBH,16,0
HBH,16,0
HBH,16,0
HBH,16,0
HBH,16,0
HBH,16,0
HBH,16,0
HBH,16,0
HBH,16,0
HBH,16,0
HBH,16,0
HBH,16,0
HBH,16,0
HBH,16,0
HBH,16,0
HBH,16,0
HBH,16,0
HBH,16,0
HBH,16,0
HBH,16,0
HBH,16,0
HBH,16,0
HBH,16,0
HBH,16,0
HBH,16,0
HBH,16,0
HBH,16,0
HBH,16,0
HBH,16,0
HBH,16,0
HBH,16,0
HBH,16,0
HBH,16,0
HBH,16,0
HBH,16,0
HBH,16,0
HBH,16,0
HBH,16,0
HBH,16,0
HBH,16,0
HBH,16,0
HBH,16,0
HBH,16,0
HBH,16,0
HBH,16,0
HBH,16,0
HBH,16,0
HBH,16,0
HBH,16,0
HBH,16,0
HBH,16,0
HBH,16,0
HBH,16,0
HBH,16,0
HBH,16,0
HBH,16,0
HBH,16,0
HBH,16,0
HBH,16,0
HBH,16,0
HBH,16,0
HBH,16,0
HBH,16,0
HBH,16,0
HBH,16,0
HBH,18,0
HBH,18,0
HBH,18,0
HBH,18,0
HBH,18,0
HBH,18,0
HBH,18,0
HBH,18,0
HBH,18,0
HBH,18,0
HBH,18,0
HBH,18,0
HBH,18,0
HBH,18,0
HBH,18,0
HBH,18,0
HBH,18,0
HBH,18,0
HBH,18,0
HBH,18,0
HBH,18,0
HBH,18,0
HBH,18,0
HBH,18,0
HBH,18,0
HBH,18,0
HBH,18,0
HBH,18,0
HBH,18,0
HBH,18,0
HBH,18,0
HBH,18,0
HBH,18,0
HBH,18,0
HBH,18,0
HBH,18,0
HBH,18,0
HBH,18,0
HBH,18,0
HBH,18,0
HBH,18,0
HBH,18,0
HBH,18,0
HBH,18,0
HBH,18,0
HBH,18,0
HBH,18,0
HBH,18,0
HBH,18,0
HBH,18,0
HBH,18,0
HBH,18,0
HBH,18,0
HBH,18,0
HBH,18,0
HBH,18,0
HBH,18,0
HBH,18,0
HBH,18,0
HBH,18,0
HBH,18,0
HBH,18,0
HBH,18,0
HBH,18,0
HBH,18,0
HBH,18,0
HBH,18,0
HBH,18,0
HBH,20,0
HBH,20,0
HBH,20,0
HBH,20,0
HBH,20,0
HBH,20,0
HBH,20,0
HBH,20,0
HBH,20,0
HBH,20,0
HBH,20,0
HBH,20,0
HBH,20,0
HBH,20,0
HBH,20,0
HBH,20,0
HBH,20,0
HBH,20,0
HBH,20,0
HBH,20,0
HBH,20,0
HBH,20,0
HBH,20,0
HBH,20,0
HBH,20,0
HBH,20,0
HBH,20,0
HBH,20,0
HBH,20,0
HBH,20,0
HBH,20,0
HBH,20,0
HBH,20,0
HBH,20,0
HBH,20,0
HBH,20,0
HBH,20,0
HBH,20,0
HBH,20,0
HBH,20,0
HBH,20,0
HBH,20,0
HBH,20,0
HBH,20,0
HBH,20,0
HBH,20,0
HBH,20,0
HBH,20,0
HBH,20,0
HBH,20,0
HBH,20,0
HBH,20,0
HBH,20,0
HBH,20,0
HBH,20,0
HBH,20,0
HBH,20,0
HBH,20,0
HBH,20,0
HBH,20,0
HBH,20,0
HBH,20,0
HBH,20,0
HBH,20,0
HBH,20,0
HBH,20,0
HBH,20,0
HBH,20,0
HBH,20,0
HBH,20,0
HBH,20,0
HBH,20,0
HBH,20,0
HBH,20,0
HBH,20,0
HBH,20,0
HBH,20,0
HBH,20,0
HBH,20,0
HBH,20,0
HBH,20,0
HBH,20,0
HBH,20,0
HBH,20,0
HBH,20,0
HBH,20,0
HBH,20,0
HBH,20,0
HBH,20,0
HBH,22,0
HBH,22,0
HBH,22,0
HBH,22,0
HBH,22,0
HBH,22,0
HBH,22,0
HBH,22,0
HBH,22,0
HBH,22,0
HBH,22,0
HBH,22,0
HBH,22,0
HBH,22,0
HBH,22,0
HBH,22,0
HBH,22,0
HBH,22,0
HBH,22,0
HBH,22,0
HBH,22,0
HBH,22,0
HBH,22,0
HBH,22,0
HBH,22,0
HBH,22,0
HBH,22,0
HBH,22,0
HBH,22,0
HBH,22,0
HBH,22,0
HBH,22,0
HBH,22,0
HBH,22,0
HBH,22,0
HBH,22,0
HBH,22,0
HBH,22,0
HBH,22,0
HBH,22,0
HBH,22,0
HBH,22,0
HBH,22,0
HBH,22,0
HBH,22,0
HBH,22,0
HBH,22,0
HBH,22,0
HBH,22,0
HBH,22,0
HBH,22,0
HBH,22,0
HBH,22,0
HBH,24,0
HBH,24,0
HBH,24,0
HBH,24,0
HBH,24,0
HBH,24,0
HBH,24,0
HBH,24,0
HBH,24,0
HBH,24,0
HBH,24,0
HBH,24,0
HBH,24,0
HBH,24,0
HBH,24,0
HBH,24,0
HBH,24,0
HBH,24,0
HBH,24,0
HBH,24,0
HBH,24,0
HBH,24,0
HBH,24,0
HBH,24,0
HBH,24,0
HBH,24,0
HBH,24,0
HBH,24,0
HBH,24,0
HBH,24,0
HBH,24,0
HBH,24,0
HBH,24,0
HBH,24,0
HBH,24,0
HBH,24,0
HBH,24,0
HBH,24,0
HBH,24,0
HBH,24,0
HBH,24,0
HBH,24,0
HBH,24,0
HBH,24,0
HBH,24,0
HBH,24,0
HBH,26,0
HBH,26,0
HBH,26,0
HBH,26,0
HBH,26,0
HBH,26,0
HBH,26,0
HBH,26,0
HBH,26,0
HBH,26,0
HBH,26,0
HBH,26,0
HBH,26,0
HBH,26,0
HBH,26,0
HBH,26,0
HBH,26,0
HBH,26,0
HBH,26,0
HBH,26,0
HBH,26,0
HBH,26,0
HBH,26,0
HBH,26,0
HBH,26,0
HBH,26,0
HBH,26,0
HBH,26,0
HBH,26,0
HBH,26,0
HBH,26,0
HBH,26,0
HBH,26,0
HBH,26,0
HBH,26,0
HBH,26,0
HBH,26,0
HBH,26,0
HBH,26,0
HBH,26,0
HBH,26,0
HBH,26,0
HBH,26,0
HBH,26,0
HBH,28,0
HBH,28,0
HBH,28,0
HBH,28,0
HBH,28,0
HBH,28,0
HBH,28,0
HBH,28,0
HBH,28,0
HBH,28,0
HBH,28,0
HBH,28,0
HBH,28,0
HBH,28,0
HBH,28,0
HBH,28,0
HBH,28,0
HBH,28,0
HBH,28,0
HBH,28,0
HBH,28,0
HBH,28,0
HBH,28,0
HBH,28,0
HBH,28,0
HBH,28,0
HBH,28,0
HBH,28,0
HBH,28,0
HBH,28,0
HBH,28,0
HBH,28,0
HBH,28,0
HBH,28,0
HBH,28,0
HBH,28,0
HBH,28,0
HBH,28,0
HBH,28,0
HBH,28,0
HBH,28,0
HBH,28,0
HBH,28,0
HBH,28,0
HBH,28,0
HBH,28,1
HBH,28,1
HBH,28,1
HBH,28,1
HBH,28,1
HBH,28,1
HBH,28,1
HBH,28,1
HBH,28,1
HBH,28,1
HBH,28,1
HBH,28,1
HBH,28,1
HBH,28,1
HBH,28,1
HBH,28,1
HBH,28,1
HBH,28,1
HBH,28,1
HBH,28,1
HBH,28,1
HBH,28,1
HBH,28,1
HBH,28,1
HBH,28,1
HBH,28,1
HBH,28,1
HBH,28,1
HBH,28,1
HBH,28,1
HBH,28,1
HBH,28,1
HBH,28,1
HBH,28,1
HBH,28,1
HBH,28,1
HBH,28,1
HBH,28,1
HBH,28,1
HBH,28,1
HBH,28,1
HBH,28,1
HBH,28,1
HBH,28,1
HBH,28,1
HBH,28,1
HBH,28,1
HBH,28,1
HBH,28,1
HBH,28,1
HBH,28,1
HBH,28,1
HBH,28,1
HBH,28,1
HBH,28,1
HBH,28,1
HBH,28,1
HBH,28,1
HBH,28,1
HBH,28,1
HBH,28,1
HBH,28,1
HBH,28,1
HBH,28,1
HBH,28,1
HBH,28,1
HBH,28,1
HBH,28,1
HBH,28,1
HBH,28,1
HBH,28,1
HBH,28,1
HBH,28,1
HBH,28,1
HBH,28,1
HBH,28,1
HBH,28,1
HBH,28,1
HBH,28,1
HBH,28,1
HBH,28,1
HBH,28,1
HBH,28,1
HBH,28,1
HBH,28,1
HBH,28,1
HBH,28,1
HBH,28,1
HBH,28,1
HBH,28,1
HBH,28,1
HBH,28,1
HBH,28,1
HBH,28,1
HBH,28,1
HBH,28,1
HBH,28,1
HBH,28,1
HBH,28,1
HBH,28,1
HBH,28,1
HBH,28,1
HBH,28,1
HBH,28,1
HBH,28,1
HBH,28,1
HBH,28,1
HBH,28,1
HBH,28,1
HBH,28,1
HBH,28,1
HBH,28,1
HBH,28,1
HBH,28,1
HBH,28,1
HBH,28,1
HBH,28,1
HBH,28,1
HBH,28,1
HBH,28,1
HBH,28,1
HBH,28,1
HBH,28,1
HBH,28,1
HBH,28,1
HBH,28,1
HBH,28,1
HBH,28,1
HBH,28,1
HBH,28,1
HBH,28,1
HBH,28,1
HBH,28,1
HBH,28,1
HBH,28,1
HBH,28,1
HBH,28,1
HBH,28,1
HBH,28,1
HBH,28,1
HBH,28,1
HBH,28,1
HBH,28,1
HBH,28,1
HBH,28,1
HBH,28,1
HBH,28,1
HBH,28,1
HBH,28,1
HBH,28,1
HBH,28,1
HBH,28,1
HBH,28,1
HBH,28,1
HBH,28,1
HBH,28,1
HBH,28,1
HBH,28,1
HBH,28,1
HBH,28,1
HBH,28,1
HBH,28,1
HBH,28,1
HBH,28,1
HBH,28,1
HBH,28,1
HBH,28,1
HBH,28,1
HBH,28,1
HBH,28,1
HBH,28,1
HBH,28,1
HBH,28,1
HBH,28,1
HBH,28,1
HBH,28,1
HBH,28,1
HBH,28,1
HBH,28,1
HBH,28,1
HBH,28,1
HBH,28,1
HBH,28,1
HBH,28,1
HBH,28,1
HBH,28,1
HBH,28,1
HBH,28,1
HBH,28,1
HBH,28,1
HBH,28,1
HBH,28,1
HBH,28,1
HBH,28,1
HBH,28,1
HBH,28,1
HBH,28,1
HBH,28,1
HBH,28,1
HBH,28,1
HBH,28,1
HBH,28,1
HBH,28,1
HBH,28,1
HBH,28,1
HBH,28,1
HBH,28,1
HBH,28,1
HBH,28,1
HBH,28,1
HBH,28,1
HBH,28,1
HBH,28,1
HBH,28,1
HBH,28,1
HBH,28,1
HBH,28,1
HBH,28,1
HBH,28,1
HBH,28,1
HBH,28,1
HBH,28,1
HBH,28,1
HBH,28,1
HBH,28,1
HBH,28,1
HBH,28,1
HBH,28,1
HBH,28,1
HBH,28,1
HBH,28,1
HBH,28,1
HBH,28,1
HBH,28,1
HBH,28,1
HBH,28,1
HBH,28,1
HBH,28,1
HBH,28,1
HBH,28,1
HBH,28,1
HBH,28,1
HBH,28,1
HBH,28,1
HBH,28,1
HBH,28,1
HBH,28,1
HBH,28,1
HBH,28,1
HBH,28,1
HBH,28,1
HBH,28,1
HBH,28,1
HBH,28,1
HBH,28,1
HBH,28,1
HBH,28,1
HBH,28,1
HBH,28,1
HBH,28,1
HBH,28,1
HBH,28,1
HBH,28,1
HBH,28,1
HBH,28,1
HBH,28,1
HBH,28,1
HBH,28,1
HBH,28,1
HBH,28,1
HBH,28,1
HBH,28,1
HBH,28,1
HBH,28,1
HBH,28,1
HBH,28,1
HBH,28,1
HBH,28,1
HBH,28,1
HBH,28,1
HBH,28,1
HBH,28,1
HBH,28,1
HBH,28,1
HBH,28,1
HBH,28,1
HBH,28,1
HBH,28,1
HBH,28,1
HBH,28,1
HBH,28,1
HBH,28,1
HBH,28,1
HBH,28,1
HBH,28,1
HBH,28,1
HBH,28,1
HBH,28,1
HBH,28,1
HBH,28,1
HBH,28,1
HBH,28,1
HBH,28,1
HBH,28,1
HBH,28,1
HBH,28,1
HBH,28,1
HBH,28,1
HBH,28,1
HBH,28,1
HBH,28,1
HBH,28,1
HBH,28,1
HBH,28,1
HBH,28,1
HBH,28,1
HBH,28,1
HBH,28,1
HBH,28,1
HBH,28,1
HBH,28,1
HBH,28,1
HBH,28,1
HBH,28,1
HBH,28,1
HBH,28,1
HBH,28,1
HBH,28,1
HBH,28,1
HBH,28,1
HBH,28,1
HBH,28,1
HBH,28,1
HBH,28,1
HBH,28,1
HBH,28,1
HBH,28,1
HBH,28,1
HBH,28,1
HBH,28,1
HBH,28,1
HBH,28,1
HBH,28,1
HBH,28,1
Nozevit,2,0
Nozevit,2,0
Nozevit,2,0
Nozevit,2,0
Nozevit,2,0
Nozevit,2,0
Nozevit,2,0
Nozevit,2,0
Nozevit,2,0
Nozevit,2,0
Nozevit,2,0
Nozevit,2,0
Nozevit,2,0
Nozevit,2,0
Nozevit,2,0
Nozevit,2,0
Nozevit,2,0
Nozevit,2,0
Nozevit,2,0
Nozevit,2,0
Nozevit,2,0
Nozevit,2,0
Nozevit,2,0
Nozevit,2,0
Nozevit,2,0
Nozevit,2,0
Nozevit,2,0
Nozevit,2,0
Nozevit,4,0
Nozevit,4,0
Nozevit,4,0
Nozevit,4,0
Nozevit,4,0
Nozevit,4,0
Nozevit,4,0
Nozevit,4,0
Nozevit,4,0
Nozevit,4,0
Nozevit,4,0
Nozevit,4,0
Nozevit,4,0
Nozevit,4,0
Nozevit,4,0
Nozevit,4,0
Nozevit,4,0
Nozevit,4,0
Nozevit,4,0
Nozevit,4,0
Nozevit,4,0
Nozevit,4,0
Nozevit,4,0
Nozevit,4,0
Nozevit,4,0
Nozevit,4,0
Nozevit,4,0
Nozevit,4,0
Nozevit,4,0
Nozevit,4,0
Nozevit,4,0
Nozevit,4,0
Nozevit,4,0
Nozevit,4,0
Nozevit,4,0
Nozevit,4,0
Nozevit,4,0
Nozevit,4,0
Nozevit,4,0
Nozevit,4,0
Nozevit,4,0
Nozevit,4,0
Nozevit,4,0
Nozevit,4,0
Nozevit,4,0
Nozevit,4,0
Nozevit,4,0
Nozevit,4,0
Nozevit,4,0
Nozevit,4,0
Nozevit,4,0
Nozevit,4,0
Nozevit,6,0
Nozevit,6,0
Nozevit,6,0
Nozevit,6,0
Nozevit,6,0
Nozevit,6,0
Nozevit,6,0
Nozevit,6,0
Nozevit,6,0
Nozevit,6,0
Nozevit,6,0
Nozevit,6,0
Nozevit,6,0
Nozevit,6,0
Nozevit,6,0
Nozevit,6,0
Nozevit,8,0
Nozevit,8,0
Nozevit,8,0
Nozevit,8,0
Nozevit,8,0
Nozevit,8,0
Nozevit,8,0
Nozevit,8,0
Nozevit,8,0
Nozevit,8,0
Nozevit,8,0
Nozevit,8,0
Nozevit,8,0
Nozevit,8,0
Nozevit,8,0
Nozevit,8,0
Nozevit,8,0
Nozevit,8,0
Nozevit,10,0
Nozevit,10,0
Nozevit,10,0
Nozevit,10,0
Nozevit,10,0
Nozevit,10,0
Nozevit,10,0
Nozevit,10,0
Nozevit,10,0
Nozevit,10,0
Nozevit,10,0
Nozevit,10,0
Nozevit,10,0
Nozevit,10,0
Nozevit,10,0
Nozevit,10,0
Nozevit,10,0
Nozevit,12,0
Nozevit,12,0
Nozevit,12,0
Nozevit,12,0
Nozevit,12,0
Nozevit,12,0
Nozevit,12,0
Nozevit,12,0
Nozevit,12,0
Nozevit,12,0
Nozevit,12,0
Nozevit,12,0
Nozevit,12,0
Nozevit,12,0
Nozevit,12,0
Nozevit,12,0
Nozevit,12,0
Nozevit,12,0
Nozevit,12,0
Nozevit,14,0
Nozevit,14,0
Nozevit,14,0
Nozevit,14,0
Nozevit,14,0
Nozevit,14,0
Nozevit,14,0
Nozevit,14,0
Nozevit,14,0
Nozevit,14,0
Nozevit,14,0
Nozevit,14,0
Nozevit,14,0
Nozevit,14,0
Nozevit,14,0
Nozevit,16,0
Nozevit,16,0
Nozevit,16,0
Nozevit,16,0
Nozevit,16,0
Nozevit,16,0
Nozevit,16,0
Nozevit,16,0
Nozevit,16,0
Nozevit,16,0
Nozevit,16,0
Nozevit,16,0
Nozevit,16,0
Nozevit,16,0
Nozevit,16,0
Nozevit,16,0
Nozevit,16,0
Nozevit,16,0
Nozevit,16,0
Nozevit,16,0
Nozevit,16,0
Nozevit,16,0
Nozevit,16,0
Nozevit,16,0
Nozevit,16,0
Nozevit,16,0
Nozevit,16,0
Nozevit,16,0
Nozevit,16,0
Nozevit,16,0
Nozevit,16,0
Nozevit,16,0
Nozevit,16,0
Nozevit,16,0
Nozevit,16,0
Nozevit,16,0
Nozevit,16,0
Nozevit,16,0
Nozevit,16,0
Nozevit,16,0
Nozevit,16,0
Nozevit,18,0
Nozevit,18,0
Nozevit,18,0
Nozevit,18,0
Nozevit,18,0
Nozevit,18,0
Nozevit,18,0
Nozevit,18,0
Nozevit,18,0
Nozevit,18,0
Nozevit,18,0
Nozevit,18,0
Nozevit,18,0
Nozevit,18,0
Nozevit,18,0
Nozevit,18,0
Nozevit,18,0
Nozevit,18,0
Nozevit,18,0
Nozevit,18,0
Nozevit,18,0
Nozevit,18,0
Nozevit,18,0
Nozevit,18,0
Nozevit,18,0
Nozevit,18,0
Nozevit,18,0
Nozevit,18,0
Nozevit,18,0
Nozevit,18,0
Nozevit,18,0
Nozevit,18,0
Nozevit,18,0
Nozevit,18,0
Nozevit,18,0
Nozevit,18,0
Nozevit,18,0
Nozevit,18,0
Nozevit,18,0
Nozevit,18,0
Nozevit,18,0
Nozevit,18,0
Nozevit,18,0
Nozevit,18,0
Nozevit,18,0
Nozevit,18,0
Nozevit,18,0
Nozevit,18,0
Nozevit,18,0
Nozevit,18,0
Nozevit,18,0
Nozevit,18,0
Nozevit,18,0
Nozevit,18,0
Nozevit,18,0
Nozevit,18,0
Nozevit,18,0
Nozevit,18,0
Nozevit,18,0
Nozevit,20,0
Nozevit,20,0
Nozevit,20,0
Nozevit,20,0
Nozevit,20,0
Nozevit,20,0
Nozevit,20,0
Nozevit,20,0
Nozevit,20,0
Nozevit,20,0
Nozevit,20,0
Nozevit,20,0
Nozevit,20,0
Nozevit,20,0
Nozevit,20,0
Nozevit,20,0
Nozevit,20,0
Nozevit,20,0
Nozevit,20,0
Nozevit,20,0
Nozevit,20,0
Nozevit,20,0
Nozevit,20,0
Nozevit,20,0
Nozevit,20,0
Nozevit,20,0
Nozevit,20,0
Nozevit,20,0
Nozevit,20,0
Nozevit,20,0
Nozevit,20,0
Nozevit,20,0
Nozevit,20,0
Nozevit,20,0
Nozevit,20,0
Nozevit,20,0
Nozevit,20,0
Nozevit,20,0
Nozevit,20,0
Nozevit,20,0
Nozevit,20,0
Nozevit,20,0
Nozevit,20,0
Nozevit,20,0
Nozevit,20,0
Nozevit,20,0
Nozevit,20,0
Nozevit,20,0
Nozevit,20,0
Nozevit,20,0
Nozevit,20,0
Nozevit,20,0
Nozevit,20,0
Nozevit,20,0
Nozevit,20,0
Nozevit,20,0
Nozevit,20,0
Nozevit,20,0
Nozevit,20,0
Nozevit,20,0
Nozevit,20,0
Nozevit,20,0
Nozevit,20,0
Nozevit,20,0
Nozevit,20,0
Nozevit,20,0
Nozevit,20,0
Nozevit,20,0
Nozevit,20,0
Nozevit,20,0
Nozevit,20,0
Nozevit,20,0
Nozevit,20,0
Nozevit,20,0
Nozevit,20,0
Nozevit,20,0
Nozevit,20,0
Nozevit,20,0
Nozevit,20,0
Nozevit,20,0
Nozevit,20,0
Nozevit,20,0
Nozevit,20,0
Nozevit,20,0
Nozevit,20,0
Nozevit,20,0
Nozevit,20,0
Nozevit,20,0
Nozevit,20,0
Nozevit,20,0
Nozevit,20,0
Nozevit,20,0
Nozevit,20,0
Nozevit,20,0
Nozevit,20,0
Nozevit,20,0
Nozevit,20,0
Nozevit,20,0
Nozevit,20,0
Nozevit,20,0
Nozevit,20,0
Nozevit,20,0
Nozevit,20,0
Nozevit,20,0
Nozevit,20,0
Nozevit,20,0
Nozevit,22,0
Nozevit,22,0
Nozevit,22,0
Nozevit,22,0
Nozevit,22,0
Nozevit,22,0
Nozevit,22,0
Nozevit,22,0
Nozevit,22,0
Nozevit,22,0
Nozevit,22,0
Nozevit,22,0
Nozevit,22,0
Nozevit,22,0
Nozevit,22,0
Nozevit,22,0
Nozevit,22,0
Nozevit,22,0
Nozevit,22,0
Nozevit,22,0
Nozevit,22,0
Nozevit,22,0
Nozevit,22,0
Nozevit,22,0
Nozevit,22,0
Nozevit,22,0
Nozevit,22,0
Nozevit,22,0
Nozevit,22,0
Nozevit,22,0
Nozevit,22,0
Nozevit,22,0
Nozevit,22,0
Nozevit,22,0
Nozevit,22,0
Nozevit,22,0
Nozevit,22,0
Nozevit,22,0
Nozevit,22,0
Nozevit,22,0
Nozevit,22,0
Nozevit,22,0
Nozevit,22,0
Nozevit,22,0
Nozevit,22,0
Nozevit,22,0
Nozevit,22,0
Nozevit,22,0
Nozevit,22,0
Nozevit,22,0
Nozevit,22,0
Nozevit,22,0
Nozevit,22,0
Nozevit,22,0
Nozevit,22,0
Nozevit,22,0
Nozevit,22,0
Nozevit,22,0
Nozevit,22,0
Nozevit,22,0
Nozevit,22,0
Nozevit,22,0
Nozevit,22,0
Nozevit,22,0
Nozevit,22,0
Nozevit,22,0
Nozevit,22,0
Nozevit,22,0
Nozevit,22,0
Nozevit,22,0
Nozevit,22,0
Nozevit,22,0
Nozevit,22,0
Nozevit,22,0
Nozevit,22,0
Nozevit,22,0
Nozevit,22,0
Nozevit,22,0
Nozevit,22,0
Nozevit,22,0
Nozevit,22,0
Nozevit,22,0
Nozevit,22,0
Nozevit,22,0
Nozevit,22,0
Nozevit,22,0
Nozevit,22,0
Nozevit,22,0
Nozevit,22,0
Nozevit,22,0
Nozevit,22,0
Nozevit,22,0
Nozevit,22,0
Nozevit,22,0
Nozevit,22,0
Nozevit,22,0
Nozevit,22,0
Nozevit,22,0
Nozevit,24,0
Nozevit,24,0
Nozevit,24,0
Nozevit,24,0
Nozevit,24,0
Nozevit,24,0
Nozevit,24,0
Nozevit,24,0
Nozevit,24,0
Nozevit,24,0
Nozevit,24,0
Nozevit,24,0
Nozevit,24,0
Nozevit,24,0
Nozevit,24,0
Nozevit,24,0
Nozevit,24,0
Nozevit,24,0
Nozevit,24,0
Nozevit,24,0
Nozevit,24,0
Nozevit,24,0
Nozevit,24,0
Nozevit,24,0
Nozevit,24,0
Nozevit,24,0
Nozevit,24,0
Nozevit,24,0
Nozevit,24,0
Nozevit,24,0
Nozevit,24,0
Nozevit,24,0
Nozevit,24,0
Nozevit,24,0
Nozevit,24,0
Nozevit,24,0
Nozevit,24,0
Nozevit,24,0
Nozevit,24,0
Nozevit,24,0
Nozevit,24,0
Nozevit,24,0
Nozevit,24,0
Nozevit,24,0
Nozevit,24,0
Nozevit,24,0
Nozevit,24,0
Nozevit,24,0
Nozevit,24,0
Nozevit,24,0
Nozevit,24,0
Nozevit,24,0
Nozevit,24,0
Nozevit,24,0
Nozevit,24,0
Nozevit,24,0
Nozevit,24,0
Nozevit,24,0
Nozevit,24,0
Nozevit,24,0
Nozevit,24,0
Nozevit,24,0
Nozevit,24,0
Nozevit,24,0
Nozevit,24,0
Nozevit,24,0
Nozevit,24,0
Nozevit,24,0
Nozevit,24,0
Nozevit,24,0
Nozevit,24,0
Nozevit,24,0
Nozevit,24,0
Nozevit,26,0
Nozevit,26,0
Nozevit,26,0
Nozevit,26,0
Nozevit,26,0
Nozevit,26,0
Nozevit,26,0
Nozevit,26,0
Nozevit,26,0
Nozevit,26,0
Nozevit,26,0
Nozevit,26,0
Nozevit,26,0
Nozevit,26,0
Nozevit,26,0
Nozevit,26,0
Nozevit,26,0
Nozevit,26,0
Nozevit,26,0
Nozevit,26,0
Nozevit,26,0
Nozevit,26,0
Nozevit,26,0
Nozevit,26,0
Nozevit,26,0
Nozevit,26,0
Nozevit,26,0
Nozevit,26,0
Nozevit,26,0
Nozevit,26,0
Nozevit,26,0
Nozevit,26,0
Nozevit,26,0
Nozevit,26,0
Nozevit,26,0
Nozevit,26,0
Nozevit,26,0
Nozevit,26,0
Nozevit,26,0
Nozevit,26,0
Nozevit,26,0
Nozevit,26,0
Nozevit,26,0
Nozevit,26,0
Nozevit,26,0
Nozevit,26,0
Nozevit,26,0
Nozevit,26,0
Nozevit,26,0
Nozevit,26,0
Nozevit,26,0
Nozevit,26,0
Nozevit,26,0
Nozevit,26,0
Nozevit,26,0
Nozevit,26,0
Nozevit,26,0
Nozevit,26,0
Nozevit,26,0
Nozevit,26,0
Nozevit,26,0
Nozevit,26,0
Nozevit,26,0
Nozevit,26,0
Nozevit,26,0
Nozevit,26,0
Nozevit,26,0
Nozevit,28,0
Nozevit,28,0
Nozevit,28,0
Nozevit,28,0
Nozevit,28,0
Nozevit,28,0
Nozevit,28,0
Nozevit,28,0
Nozevit,28,0
Nozevit,28,0
Nozevit,28,0
Nozevit,28,0
Nozevit,28,0
Nozevit,28,0
Nozevit,28,0
Nozevit,28,0
Nozevit,28,0
Nozevit,28,0
Nozevit,28,0
Nozevit,28,0
Nozevit,28,0
Nozevit,28,0
Nozevit,28,0
Nozevit,28,1
Nozevit,28,1
Nozevit,28,1
Nozevit,28,1
Nozevit,28,1
Nozevit,28,1
Nozevit,28,1
Nozevit,28,1
Nozevit,28,1
Nozevit,28,1
Nozevit,28,1
Nozevit,28,1
Nozevit,28,1
Nozevit,28,1
Nozevit,28,1
Nozevit,28,1
Nozevit,28,1
Nozevit,28,1
Nozevit,28,1
Nozevit,28,1
Nozevit,28,1
Nozevit,28,1
Nozevit,28,1
Nozevit,28,1
Nozevit,28,1
Nozevit,28,1
Nozevit,28,1
Nozevit,28,1
Nozevit,28,1
Nozevit,28,1
Nozevit,28,1
Nozevit,28,1
Nozevit,28,1
Nozevit,28,1
Nozevit,28,1
Nozevit,28,1
Nozevit,28,1
Nozevit,28,1
Nozevit,28,1
Nozevit,28,1
Nozevit,28,1
Nozevit,28,1
Nozevit,28,1
Nozevit,28,1
Nozevit,28,1
Nozevit,28,1
Nozevit,28,1
Nozevit,28,1
Nozevit,28,1
Nozevit,28,1
Nozevit,28,1
Nozevit,28,1
Nozevit,28,1
Nozevit,28,1
Nozevit,28,1
Nozevit,28,1
Nozevit,28,1
Nozevit,28,1
Nozevit,28,1
Nozevit,28,1
Nozevit,28,1
Nozevit,28,1
Nozevit,28,1
Nozevit,28,1
Nozevit,28,1
Nozevit,28,1
Nozevit,28,1
Nozevit,28,1
Nozevit,28,1
Nozevit,28,1
Nozevit,28,1
Nozevit,28,1
Nozevit,28,1
Nozevit,28,1
Nozevit,28,1
Nozevit,28,1
Nozevit,28,1
Nozevit,28,1
Nozevit,28,1
Nozevit,28,1
Nozevit,28,1
Nozevit,28,1
Nozevit,28,1
Nozevit,28,1
Nozevit,28,1
Nozevit,28,1
Nozevit,28,1
Nozevit,28,1
Nozevit,28,1
Nozevit,28,1
Nozevit,28,1
Nozevit,28,1
Nozevit,28,1
Nozevit,28,1
Nozevit,28,1
Nozevit,28,1
Nozevit,28,1
Nozevit,28,1
Nozevit,28,1
Nozevit,28,1
Nozevit,28,1
Nozevit,28,1
Nozevit,28,1
Nozevit,28,1
Nozevit,28,1
Nozevit,28,1
Nozevit,28,1
Nozevit,28,1
Nozevit,28,1
Nozevit,28,1
Nozevit,28,1
Nozevit,28,1
Nozevit,28,1
Nozevit,28,1
Nozevit,28,1
Nozevit,28,1
Nozevit,28,1
Nozevit,28,1
Nozevit,28,1
Nozevit,28,1
Nozevit,28,1
Nozevit,28,1
Nozevit,28,1
Nozevit,28,1
Nozevit,28,1
Nozevit,28,1
Nozevit,28,1
Nozevit,28,1
Nozevit,28,1
Nozevit,28,1
Nozevit,28,1
Nozevit,28,1
Nozevit,28,1
Nozevit,28,1
Nozevit,28,1
Nozevit,28,1
Nozevit,28,1
Nozevit,28,1
Nozevit,28,1
Nozevit,28,1
Nozevit,28,1
Nozevit,28,1
Nozevit,28,1
Nozevit,28,1
Nozevit,28,1
Nozevit,28,1
Nozevit,28,1
Nozevit,28,1
Nozevit,28,1
Nozevit,28,1
Nozevit,28,1
Nozevit,28,1
Nozevit,28,1
Nozevit,28,1
Nozevit,28,1
Nozevit,28,1
Nozevit,28,1
Nozevit,28,1
Nozevit,28,1
Nozevit,28,1
Nozevit,28,1
Nozevit,28,1
Nozevit,28,1
Nozevit,28,1
Nozevit,28,1
Nozevit,28,1
Nozevit,28,1
Nozevit,28,1
Nozevit,28,1
Nozevit,28,1
Nozevit,28,1
Nozevit,28,1
Nozevit,28,1
Nozevit,28,1
Nozevit,28,1
Nozevit,28,1
Nozevit,28,1
Nozevit,28,1
Nozevit,28,1
Nozevit,28,1
Nozevit,28,1
Nozevit,28,1
Nozevit,28,1
Nozevit,28,1
Nozevit,28,1
Nozevit,28,1
Nozevit,28,1
Nozevit,28,1
Nozevit,28,1
Nozevit,28,1
Nozevit,28,1
Nozevit,28,1
Nozevit,28,1
Nozevit,28,1
Nozevit,28,1
Nozevit,28,1
Nozevit,28,1
Nozevit,28,1
Nozevit,28,1
Nozevit,28,1
Nozevit,28,1
Nozevit,28,1
Nozevit,28,1
Nozevit,28,1
Nozevit,28,1
Nozevit,28,1
Nozevit,28,1
Nozevit,28,1
Nozevit,28,1
Nozevit,28,1
Nozevit,28,1
Nozevit,28,1
Nozevit,28,1
Nozevit,28,1
Nozevit,28,1
Nozevit,28,1
Nozevit,28,1
Nozevit,28,1
Nozevit,28,1
Nozevit,28,1
Nozevit,28,1
Nozevit,28,1
Nozevit,28,1
Nozevit,28,1
Nozevit,28,1
Nozevit,28,1
Nozevit,28,1
Nozevit,28,1
Nozevit,28,1
Nozevit,28,1
Nozevit,28,1
Nozevit,28,1
Nozevit,28,1
Nozevit,28,1
Nozevit,28,1
Nozevit,28,1
Nozevit,28,1
Nozevit,28,1
Nozevit,28,1
Nozevit,28,1
Nozevit,28,1
Nozevit,28,1
Nozevit,28,1
Nozevit,28,1
Nozevit,28,1
Nozevit,28,1
Nozevit,28,1
Nozevit,28,1
Nozevit,28,1
Nozevit,28,1
Nozevit,28,1
Nozevit,28,1
Nozevit,28,1
Nozevit,28,1
Nozevit,28,1
Nozevit,28,1
Nozevit,28,1
Nozevit,28,1
Nozevit,28,1
Nozevit,28,1
Nozevit,28,1
Nozevit,28,1
Nozevit,28,1
Nozevit,28,1
Nozevit,28,1
Nozevit,28,1
Nozevit,28,1
Nozevit,28,1
Nozevit,28,1
Nozevit,28,1
Nozevit,28,1
Nozevit,28,1
Nozevit,28,1
Nozevit,28,1
Nozevit,28,1
Nozevit,28,1
Nozevit,28,1
Nozevit,28,1
Nozevit,28,1
Nozevit,28,1
Nozevit,28,1
Nozevit,28,1
Nozevit,28,1
Nozevit,28,1
Nozevit,28,1
Nozevit,28,1
Nozevit,28,1
Nozevit,28,1
Nozevit,28,1
Nozevit,28,1
Nozevit,28,1
Nozevit,28,1
Nozevit,28,1
Nozevit,28,1
Nozevit,28,1
Nozevit,28,1
Nozevit,28,1
Nozevit,28,1
Nozevit,28,1
Nozevit,28,1
Nozevit,28,1
Nozevit,28,1
Nozevit,28,1
Nozevit,28,1
Nozevit,28,1
Nozevit,28,1
Nozevit,28,1
Nozevit,28,1
Nozevit,28,1
Nozevit,28,1
Nozevit,28,1
Nozevit,28,1
Nozevit,28,1
Nozevit,28,1
Nozevit,28,1
Nozevit,28,1
Nozevit,28,1
Nozevit,28,1
Nozevit,28,1
Nozevit,28,1
Nozevit,28,1
Nozevit,28,1
Nozevit,28,1
Nozevit,28,1
Nozevit,28,1
Nozevit,28,1
Nozevit,28,1
Nozevit,28,1
Nozevit,28,1
Nozevit,28,1
Nozevit,28,1
Nozevit,28,1
Nozevit,28,1
Nozevit,28,1
Nozevit,28,1
Nozevit,28,1
Nozevit,28,1
Nozevit,28,1
Nozevit,28,1
Nozevit,28,1
Nozevit,28,1
Nozevit,28,1
Nozevit,28,1
Nozevit,28,1
Nozevit,28,1
Nozevit,28,1
Nozevit,28,1
Nozevit,28,1
Nozevit,28,1
Nozevit,28,1
Nozevit,28,1
Nozevit,28,1
Nozevit,28,1
Nozevit,28,1
Nozevit,28,1
Nozevit,28,1
Nozevit,28,1
Nozevit,28,1
Nozevit,28,1
Nozevit,28,1
Nozevit,28,1
Nozevit,28,1
Nozevit,28,1
Nozevit,28,1
Nozevit,28,1
Nozevit,28,1
Nozevit,28,1
Nozevit,28,1
Nozevit,28,1
Nozevit,28,1
Nozevit,28,1
Nozevit,28,1
Nozevit,28,1
Nozevit,28,1
